﻿LoopMaxDigitSpanFind.thisRepN,LoopMaxDigitSpanFind.thisTrialN,LoopMaxDigitSpanFind.thisN,LoopMaxDigitSpanFind.thisIndex,LoopDigitSpan.thisRepN,LoopDigitSpan.thisTrialN,LoopDigitSpan.thisN,LoopDigitSpan.thisIndex,Digits,WelcomeText.started,Next_Welcome.started,Next_Welcome.keys,Next_Welcome.rt,Next_Welcome.duration,DisplayedItem.started,FocusCrossImg.started,DisplayedItem.stopped,FocusCrossImg.stopped,TextAskForDigitSpan.started,TextRespose.started,KeyCheckCorrent.started,Testing_1.started,Testing_2.started,Testing_3.started,KeyCheckCorrent.keys,KeyCheckCorrent.rt,KeyCheckCorrent.duration,participant,session,date,expName,psychopyVersion,frameRate,
,,,,,,,,,10.780053299851716,10.780053299851716,space,0.8183869998902082,None,,,,,,,,,,,,,,019976,001,2024-12-02_17h39.21.292,Experiment,2023.1.3,60.25119930504574,
0,0,0,0,,,,,,,,,,,12.043132999911904,12.143877799855545,12.143877799855545,12.264850799925625,12.264850799925625,12.264850799925625,12.264850799925625,12.264850799925625,12.264850799925625,12.264850799925625,"['1', '2']","[3.1503191001247615, 3.3397411999758333, 3.553891299990937]","[None, None, None]",019976,001,2024-12-02_17h39.21.292,Experiment,2023.1.3,60.25119930504574,
1,0,1,0,,,,,,,,,,,16.26009689993225,16.360460199881345,16.360460199881345,16.467816299991682,16.467816299991682,16.467816299991682,16.467816299991682,16.467816299991682,16.467816299991682,16.467816299991682,"['7', '3']","[2.2247878001071513, 2.6299956999719143, 2.862048299983144]","[None, None, None]",019976,001,2024-12-02_17h39.21.292,Experiment,2023.1.3,60.25119930504574,
2,0,2,0,,,,,,,,,,,19.77679629996419,19.8772024998907,19.8772024998907,19.986639899900183,19.986639899900183,19.986639899900183,19.986639899900183,19.986639899900183,19.986639899900183,19.986639899900183,"['5', '4']","[1.545889199944213, 1.715216200100258, 2.603738500038162]","[None, None, None]",019976,001,2024-12-02_17h39.21.292,Experiment,2023.1.3,60.25119930504574,
,,,,,,,,,,,,,,23.210138799855486,23.310446199961007,23.310446199961007,23.420674999943003,23.420674999943003,23.420674999943003,23.420674999943003,23.420674999943003,23.420674999943003,23.420674999943003,,,,,,,,,,
