﻿LoopMaxDigitSpanFind.thisRepN,LoopMaxDigitSpanFind.thisTrialN,LoopMaxDigitSpanFind.thisN,LoopMaxDigitSpanFind.thisIndex,LoopDigitSpan.thisRepN,LoopDigitSpan.thisTrialN,LoopDigitSpan.thisN,LoopDigitSpan.thisIndex,Digits,WelcomeText.started,Next_Welcome.started,Next_Welcome.keys,Next_Welcome.rt,Next_Welcome.duration,TextExplainDigitSpanMaxFind.started,KeyDigitspanFindMax.started,KeyDigitspanFindMax.keys,KeyDigitspanFindMax.rt,KeyDigitspanFindMax.duration,DisplayedItem.started,FocusCrossImg.started,DisplayedItem.stopped,FocusCrossImg.stopped,TextAskForDigitSpan.started,TextRespose.started,KeyCheckCorrent.started,Testing_1.started,Testing_2.started,Testing_3.started,KeyCheckCorrent.keys,KeyCheckCorrent.rt,KeyCheckCorrent.duration,DSTextScala.started,Slider_Respone_Certainty.started,Slider_Respone_Certainty.response,Slider_Respone_Certainty.rt,participant,session,date,expName,psychopyVersion,frameRate,
,,,,,,,,,14.14926569990348,14.14926569990348,space,0.5114080999046564,None,,,,,,,,,,,,,,,,,,,,,,,076062,001,2024-12-12_14h09.19.764,Experiment,2023.1.3,60.230332853857675,
,,,,,,,,,,,,,,14.742948399973102,14.742948399973102,space,0.3049239000538364,None,,,,,,,,,,,,,,,,,,076062,001,2024-12-12_14h09.19.764,Experiment,2023.1.3,60.230332853857675,
0,0,0,0,,,,,,,,,,,,,,,,19.087316199904308,20.086599099915475,20.086599099915475,21.11046319990419,21.11046319990419,21.11046319990419,21.11046319990419,21.11046319990419,21.11046319990419,21.11046319990419,"['6', '5']","[1.2008763999911025, 1.3509155999636278, 1.504911300027743]","[None, None, None]",22.68669709993992,22.68669709993992,4,2.1230427999980748,076062,001,2024-12-12_14h09.19.764,Experiment,2023.1.3,60.230332853857675,
1,0,1,0,,,,,,,,,,,,,,,,28.82212799997069,29.83714499999769,27.820441199932247,28.82212799997069,30.851777499890886,30.851777499890886,30.851777499890886,30.851777499890886,30.851777499890886,30.851777499890886,"['4', '5']","[0.42912450002040714, 0.625085899955593, 1.4034737000474706]","[None, None, None]",32.31716109998524,32.31716109998524,3,3.9825456000398844,076062,001,2024-12-12_14h09.19.764,Experiment,2023.1.3,60.230332853857675,
,,,,,,,,,,,,,,,,,,,40.32033579994459,41.320456499932334,41.320456499932334,42.333389499923214,42.333389499923214,42.333389499923214,42.333389499923214,42.333389499923214,42.333389499923214,42.333389499923214,"['2', '3']","[2.4328998000128195, 2.5960189000470564, 3.4402112000389025]","[None, None, None]",45.855207499931566,45.855207499931566,3,12.301864600041881,,,,,,,
