﻿LoopMaxDigitSpanFind.thisRepN,LoopMaxDigitSpanFind.thisTrialN,LoopMaxDigitSpanFind.thisN,LoopMaxDigitSpanFind.thisIndex,LoopDigitSpan.thisRepN,LoopDigitSpan.thisTrialN,LoopDigitSpan.thisN,LoopDigitSpan.thisIndex,Digits,WelcomeText.started,Next.started,Next.keys,Next.rt,Next.duration,DisplayedItem.started,DisplayedItem.stopped,FocusCrossImg.started,FocusCrossImg.stopped,TextAskForDigitSpan.started,TextRespose.started,KeyCheckCorrent.started,Testing_1.started,Testing_2.started,KeyCheckCorrent.keys,KeyCheckCorrent.rt,KeyCheckCorrent.duration,participant,session,date,expName,psychopyVersion,frameRate,
,,,,,,,,,7.28208369994536,7.28208369994536,space,0.9163804000709206,None,,,,,,,,,,,,,090502,001,2024-11-26_12h50.51.251,Experiment,2023.1.3,59.97127373662849,
0,0,0,0,,,,,,,,,,,8.619502899935469,8.719655300024897,8.719655300024897,8.81943879998289,8.81943879998289,8.81943879998289,8.81943879998289,8.81943879998289,8.81943879998289,"['1', '2']","[1.1160738000180572, 1.3567390999523923, 1.5711226999992505]","[None, None, None]",090502,001,2024-11-26_12h50.51.251,Experiment,2023.1.3,59.97127373662849,
1,0,1,0,,,,,,,,,,,10.819579500006512,10.919966400018893,10.919966400018893,11.019515299936756,11.019515299936756,11.019515299936756,11.019515299936756,11.019515299936756,11.019515299936756,"['1', '2']","[0.8250677000032738, 1.064722300041467, 1.2981587999965996]","[None, None, None]",090502,001,2024-11-26_12h50.51.251,Experiment,2023.1.3,59.97127373662849,
2,0,2,0,,,,,,,,,,,12.736208599992096,12.836467399960384,12.836467399960384,12.936176699935459,12.936176699935459,12.936176699935459,12.936176699935459,12.936176699935459,12.936176699935459,"['1', '2']","[0.7297453000210226, 0.9631169000640512, 1.1825122999725863]","[None, None, None]",090502,001,2024-11-26_12h50.51.251,Experiment,2023.1.3,59.97127373662849,
