﻿LoopMaxDigitSpanFind.thisRepN,LoopMaxDigitSpanFind.thisTrialN,LoopMaxDigitSpanFind.thisN,LoopMaxDigitSpanFind.thisIndex,LoopDigitSpan.thisRepN,LoopDigitSpan.thisTrialN,LoopDigitSpan.thisN,LoopDigitSpan.thisIndex,Digits,WelcomeText.started,Next.started,Next.keys,Next.rt,Next.duration,DisplayedItem.started,FocusCrossImg.started,DisplayedItem.stopped,FocusCrossImg.stopped,TextAskForDigitSpan.started,TextRespose.started,KeyCheckCorrent.started,Testing_checkingDigit.started,KeyCheckCorrent.keys,KeyCheckCorrent.rt,KeyCheckCorrent.duration,participant,session,date,expName,psychopyVersion,frameRate,
,,,,,,,,,9.792967399931513,9.792967399931513,space,0.7394039999926463,None,,,,,,,,,,,,138771,001,2024-11-25_10h34.11.600,Experiment,2023.1.3,60.016192394189375,
0,0,0,0,,,,,,,,,,,10.977564499946311,11.078159099910408,11.078159099910408,11.178639799938537,11.178639799938537,11.178639799938537,11.178639799938537,11.178639799938537,"['1', '2']","[0.9006310000550002, 1.1146687000291422, 1.3076297000516206]","[None, None, None]",138771,001,2024-11-25_10h34.11.600,Experiment,2023.1.3,60.016192394189375,
1,0,1,0,,,,,,,,,,,12.927939799963497,13.028304599924013,13.028304599924013,13.12778639991302,13.12778639991302,13.12778639991302,13.12778639991302,13.12778639991302,"['1', '2']","[0.8597748000174761, 1.0914946000557393, 1.2904834999935701]","[None, None, None]",138771,001,2024-11-25_10h34.11.600,Experiment,2023.1.3,60.016192394189375,
2,0,2,0,,,,,,,,,,,14.861298399977386,14.961757999961264,14.961757999961264,15.061414700001478,15.061414700001478,15.061414700001478,15.061414700001478,15.061414700001478,"['1', '2']","[0.7929848999483511, 1.012912099948153, 1.218187699909322]","[None, None, None]",138771,001,2024-11-25_10h34.11.600,Experiment,2023.1.3,60.016192394189375,
