﻿LoopMaxDigitSpanFind.thisRepN,LoopMaxDigitSpanFind.thisTrialN,LoopMaxDigitSpanFind.thisN,LoopMaxDigitSpanFind.thisIndex,LoopDigitSpan.thisRepN,LoopDigitSpan.thisTrialN,LoopDigitSpan.thisN,LoopDigitSpan.thisIndex,Digits,LoopExplainDigitSpanOuter.thisRepN,LoopExplainDigitSpanOuter.thisTrialN,LoopExplainDigitSpanOuter.thisN,LoopExplainDigitSpanOuter.thisIndex,LoopExplainDigitSpan.thisRepN,LoopExplainDigitSpan.thisTrialN,LoopExplainDigitSpan.thisN,LoopExplainDigitSpan.thisIndex,WelcomeText.started,Next_Welcome.started,Next_Welcome.keys,Next_Welcome.rt,Next_Welcome.duration,TextExplainDigitSpanMaxFind.started,KeyDigitspanFindMax.started,KeyDigitspanFindMax.keys,KeyDigitspanFindMax.rt,KeyDigitspanFindMax.duration,DisplayedItem.started,FocusCrossImg.started,DisplayedItem.stopped,FocusCrossImg.stopped,TextAskForDigitSpan.started,TextRespose.started,KeyCheckCorrent.started,Testing_1.started,Testing_2.started,Testing_3.started,KeyCheckCorrent.keys,KeyCheckCorrent.rt,KeyCheckCorrent.duration,DSTextScala.started,Slider_Respone_Certainty.started,Slider_Respone_Certainty.response,Slider_Respone_Certainty.rt,TextDigtSpanExample.started,KeyDigitSpanExplainExample.started,KeyDigitSpanExplainExample.keys,KeyDigitSpanExplainExample.rt,KeyDigitSpanExplainExample.duration,DSSoundExplain.started,participant,session,date,expName,psychopyVersion,frameRate,
,,,,,,,,,,,,,,,,,11.398562300018966,11.398562300018966,space,0.39337540010455996,None,,,,,,,,,,,,,,,,,,,,,,,,,,,,,145502,001,2024-12-12_14h16.03.304,Experiment,2023.1.3,59.692618809163434,
,,,,,,,,,,,,,,,,,,,,,,11.864932899945416,11.864932899945416,space,0.24434009997639805,None,,,,,,,,,,,,,,,,,,,,,,,,145502,001,2024-12-12_14h16.03.304,Experiment,2023.1.3,59.692618809163434,
0,0,0,0,,,,,,,,,,,,,,,,,,,,,,,,16.158172499970533,17.15832369995769,17.15832369995769,18.18199439998716,18.18199439998716,18.18199439998716,18.18199439998716,18.18199439998716,18.18199439998716,18.18199439998716,"['2', '3']","[1.0118931999895722, 1.1778663999866694, 1.476524099940434]","[None, None, None]",19.753236399963498,19.753236399963498,3,2.2144262000219896,,,,,,,145502,001,2024-12-12_14h16.03.304,Experiment,2023.1.3,59.692618809163434,
1,0,1,0,,,,,,,,,,,,,,,,,,,,,,,,25.95784749998711,26.95819669996854,26.95819669996854,27.969519799924456,27.969519799924456,27.969519799924456,27.969519799924456,27.969519799924456,27.969519799924456,27.969519799924456,"['3', '2']","[1.804301300086081, 2.3851072000106797, 2.563846500008367]","[None, None, None]",30.61314729996957,30.61314729996957,3,6.316244799993001,,,,,,,145502,001,2024-12-12_14h16.03.304,Experiment,2023.1.3,59.692618809163434,
2,0,2,0,,,,,,,,,,,,,,,,,,,,,,,,40.958206399925984,41.958535599987954,41.958535599987954,,42.97019499994349,42.97019499994349,42.97019499994349,42.97019499994349,42.97019499994349,42.97019499994349,"['3', '2']","[1.4150131000205874, 1.639471000060439, 1.8930033000651747]","[None, None, None]",44.92765369999688,44.92765369999688,4,3.0289748000213876,,,,,,,145502,001,2024-12-12_14h16.03.304,Experiment,2023.1.3,59.692618809163434,
,,,,,,,,,,,,,,,,,,,,,,,,,,,,,,,,,,,,,,,,,,,,47.95541609998327,47.95541609998327,space,0.9298248999984935,None,,145502,001,2024-12-12_14h16.03.304,Experiment,2023.1.3,59.692618809163434,
,,,,,,,,,,,,,,,,,,,,,,,,,,,,,,,,,,,,,,,,,,,,,,,,,48.92499711997807,,,,,,,
