﻿LoopMaxDigitSpanFind.thisRepN,LoopMaxDigitSpanFind.thisTrialN,LoopMaxDigitSpanFind.thisN,LoopMaxDigitSpanFind.thisIndex,LoopDigitSpan.thisRepN,LoopDigitSpan.thisTrialN,LoopDigitSpan.thisN,LoopDigitSpan.thisIndex,Digits,WelcomeText.started,Next_Welcome.started,Next_Welcome.keys,Next_Welcome.rt,Next_Welcome.duration,DisplayedItem.started,DisplayedItem.stopped,FocusCrossImg.started,FocusCrossImg.stopped,TextAskForDigitSpan.started,TextRespose.started,KeyCheckCorrent.started,Testing_1.started,Testing_2.started,KeyCheckCorrent.keys,KeyCheckCorrent.rt,KeyCheckCorrent.duration,participant,session,date,expName,psychopyVersion,frameRate,
,,,,,,,,,13.990203100023791,13.990203100023791,space,3.2079125000163913,None,,,,,,,,,,,,,271705,001,2024-11-28_16h05.55.143,Experiment,2023.1.3,60.07174968469924,
0,0,0,0,,,,,,,,,,,17.614763899939135,17.71517350000795,17.71517350000795,17.814709199941717,17.814709199941717,17.814709199941717,17.814709199941717,17.814709199941717,17.814709199941717,"['1', '2']","[1.7900021999375895, 1.9804907999932766, 2.1469468999421224]","[None, None, None]",271705,001,2024-11-28_16h05.55.143,Experiment,2023.1.3,60.07174968469924,
1,0,1,0,,,,,,,,,,,20.398225500015542,20.498660199926235,20.498660199926235,20.598135599982925,20.598135599982925,20.598135599982925,20.598135599982925,20.598135599982925,20.598135599982925,"['1', '2']","[6.281576400040649, 6.42463270004373, 7.58351979998406]","[None, None, None]",271705,001,2024-11-28_16h05.55.143,Experiment,2023.1.3,60.07174968469924,
,,,,,,,,,,,,,,28.598408599966206,28.698832500027493,28.698832500027493,28.798016399960034,28.798016399960034,28.798016399960034,28.798016399960034,28.798016399960034,28.798016399960034,,,,,,,,,,
