﻿LoopMaxDigitSpanFind.thisRepN,LoopMaxDigitSpanFind.thisTrialN,LoopMaxDigitSpanFind.thisN,LoopMaxDigitSpanFind.thisIndex,LoopDigitSpan.thisRepN,LoopDigitSpan.thisTrialN,LoopDigitSpan.thisN,LoopDigitSpan.thisIndex,Digits,WelcomeText.started,Next_Welcome.started,Next_Welcome.keys,Next_Welcome.rt,Next_Welcome.duration,DisplayedItem.started,FocusCrossImg.started,DisplayedItem.stopped,FocusCrossImg.stopped,TextAskForDigitSpan.started,TextRespose.started,KeyCheckCorrent.started,Testing_1.started,Testing_2.started,Testing_3.started,KeyCheckCorrent.keys,KeyCheckCorrent.rt,KeyCheckCorrent.duration,Text_Scala.started,Slider_Respone_Certainty.started,Slider_Respone_Certainty.response,Slider_Respone_Certainty.rt,participant,session,date,expName,psychopyVersion,frameRate,
,,,,,,,,,14.45592310000211,14.45592310000211,space,0.5429999998304993,None,,,,,,,,,,,,,,,,,,282990,001,2024-12-02_18h00.08.928,Experiment,2023.1.3,59.878124044491386,
0,0,0,0,,,,,,,,,,,15.443408999824896,15.543873299844563,15.543873299844563,15.66456659999676,15.66456659999676,15.66456659999676,15.66456659999676,15.66456659999676,15.66456659999676,15.66456659999676,"['6', '3']","[2.7739097999874502, 3.0544711998663843, 3.838300700066611]","[None, None, None]",19.609893399989232,19.609893399989232,3.9840425531914896,1.573605600045994,282990,001,2024-12-02_18h00.08.928,Experiment,2023.1.3,59.878124044491386,
1,0,1,0,,,,,,,,,,,21.56007459992543,21.660815799841657,21.660815799841657,21.770317899994552,21.770317899994552,21.770317899994552,21.770317899994552,21.770317899994552,21.770317899994552,21.770317899994552,"['7', '5']","[2.3418984999880195, 2.623466899851337, 3.238042499870062]","[None, None, None]",25.047329999972135,25.047329999972135,1.9574468085106385,1.8972386999521405,282990,001,2024-12-02_18h00.08.928,Experiment,2023.1.3,59.878124044491386,
,,,,,,,,,,,,,,27.360633899923414,27.460913399932906,27.460913399932906,27.56745189987123,27.56745189987123,27.56745189987123,27.56745189987123,27.56745189987123,27.56745189987123,27.56745189987123,,,,,,,,,,,,,,
