﻿LoopMaxDigitSpanFind.thisRepN,LoopMaxDigitSpanFind.thisTrialN,LoopMaxDigitSpanFind.thisN,LoopMaxDigitSpanFind.thisIndex,LoopDigitSpan.thisRepN,LoopDigitSpan.thisTrialN,LoopDigitSpan.thisN,LoopDigitSpan.thisIndex,Digits,Next_Welcome.started,WelcomeText_Box.started,Next_Welcome.keys,Next_Welcome.rt,Next_Welcome.duration,TextExplainDigitSpanMaxFind.started,KeyDigitspanFindMax.started,KeyDigitspanFindMax.keys,KeyDigitspanFindMax.rt,KeyDigitspanFindMax.duration,DisplayedItem.started,Cross.started,DisplayedItem.stopped,Cross.stopped,TextAskForDigitSpan.started,TextRespose.started,KeyCheckCorrent.started,Testing_1.started,Testing_2.started,Testing_3.started,KeyCheckCorrent.keys,KeyCheckCorrent.rt,KeyCheckCorrent.duration,DSTextScala.started,Slider_Respone_Certainty.started,Slider_Respone_Certainty.response,Slider_Respone_Certainty.rt,participant,session,date,expName,psychopyVersion,frameRate,
,,,,,,,,,9.863963500014506,9.863963500014506,space,0.8237882999237627,None,,,,,,,,,,,,,,,,,,,,,,,326135,001,2024-12-13_11h41.28.103,Experiment,2023.1.3,60.27527721009296,
,,,,,,,,,,,,,,10.766336799948476,10.766336799948476,space,0.07724570005666465,None,,,,,,,,,,,,,,,,,,326135,001,2024-12-13_11h41.28.103,Experiment,2023.1.3,60.27527721009296,
0,0,0,0,,,,,,,,,,,,,,,,14.88624769996386,15.88587070000358,15.88587070000358,16.91179529996589,16.91179529996589,16.91179529996589,16.91179529996589,16.91179529996589,16.91179529996589,16.91179529996589,"['5', '6']","[2.138019899954088, 2.2517347999382764, 2.457039100001566]","[None, None, None]",19.535838500014506,19.535838500014506,1,3.4846855000359938,326135,001,2024-12-13_11h41.28.103,Experiment,2023.1.3,60.27527721009296,
1,0,1,0,,,,,,,,,,,,,,,,27.002875600010157,28.002431000000797,28.002431000000797,29.0135706999572,29.0135706999572,29.0135706999572,29.0135706999572,29.0135706999572,29.0135706999572,29.0135706999572,"['3', '4']","[0.2824486999306828, 0.36766959994565696, 0.4101649000076577]","[None, None, None]",29.480730499955826,29.480730499955826,2,3.415676200063899,326135,001,2024-12-13_11h41.28.103,Experiment,2023.1.3,60.27527721009296,
2,0,2,0,,,,,,,,,,,,,,,,36.92098099994473,37.936416500015184,35.919625099981204,36.92098099994473,38.94734449998941,38.94734449998941,38.94734449998941,38.94734449998941,38.94734449998941,38.94734449998941,"['3', '4']","[1.2566192999947816, 1.3181199000682682, 1.3735113000730053]","[None, None, None]",40.37447849998716,40.37447849998716,3,2.048106800066307,326135,001,2024-12-13_11h41.28.103,Experiment,2023.1.3,60.27527721009296,
