﻿LoopMaxDigitSpanFind.thisRepN,LoopMaxDigitSpanFind.thisTrialN,LoopMaxDigitSpanFind.thisN,LoopMaxDigitSpanFind.thisIndex,LoopDigitSpan.thisRepN,LoopDigitSpan.thisTrialN,LoopDigitSpan.thisN,LoopDigitSpan.thisIndex,Digits,Next_Welcome.started,WelcomeText_Box.started,Next_Welcome.keys,Next_Welcome.rt,Next_Welcome.duration,TextExplainDigitSpanMaxFind.started,KeyDigitspanFindMax.started,KeyDigitspanFindMax.keys,KeyDigitspanFindMax.rt,KeyDigitspanFindMax.duration,DisplayedItem.started,Cross.started,Cross.stopped,DisplayedItem.stopped,TextAskForDigitSpan.started,TextRespose.started,KeyCheckCorrent.started,Testing_1.started,Testing_2.started,Testing_3.started,KeyCheckCorrent.keys,KeyCheckCorrent.rt,KeyCheckCorrent.duration,DSTextScala.started,Slider_Respone_Certainty.started,Slider_Respone_Certainty.response,Slider_Respone_Certainty.rt,participant,session,date,expName,psychopyVersion,frameRate,
,,,,,,,,,46.8831151999766,46.8831151999766,space,0.2853539000498131,None,,,,,,,,,,,,,,,,,,,,,,,361605,001,2024-12-13_11h52.41.689,Experiment,2023.1.3,60.03745133979062,
,,,,,,,,,,,,,,47.25255430000834,47.25255430000834,space,0.16350499994587153,None,,,,,,,,,,,,,,,,,,361605,001,2024-12-13_11h52.41.689,Experiment,2023.1.3,60.03745133979062,
0,0,0,0,,,,,,,,,,,,,,,,52.464455500012264,53.463700799969956,54.48631860001478,53.463700799969956,54.48631860001478,54.48631860001478,54.48631860001478,54.48631860001478,54.48631860001478,54.48631860001478,"['2', '3']","[1.2489178000250831, 1.3056525000138208, 1.3425440000137314]","[None, None, None]",55.97100949997548,55.97100949997548,3,6.681218600017019,361605,001,2024-12-13_11h52.41.689,Experiment,2023.1.3,60.03745133979062,
1,0,1,0,,,,,,,,,,,,,,,,67.63080380007159,68.63084960007109,69.64354910003021,68.63084960007109,69.64354910003021,69.64354910003021,69.64354910003021,69.64354910003021,69.64354910003021,69.64354910003021,"['3', '4']","[1.067832799977623, 1.1202924998942763, 1.1634164999704808]","[None, None, None]",70.88514989998657,70.88514989998657,4,3.542232899926603,361605,001,2024-12-13_11h52.41.689,Experiment,2023.1.3,60.03745133979062,
2,0,2,0,,,,,,,,,,,,,,,,79.46464200003538,80.46484400006011,82.47717399999965,80.46484400006011,82.47717399999965,82.47717399999965,82.47717399999965,82.47717399999965,82.47717399999965,82.47717399999965,"['2', '3']","[1.080538299982436, 1.1367022999329492, 1.1830406000372022]","[None, None, None]",83.7365240000654,83.7365240000654,2,2.446185699896887,361605,001,2024-12-13_11h52.41.689,Experiment,2023.1.3,60.03745133979062,
