﻿LoopMaxDigitSpanFind.thisRepN,LoopMaxDigitSpanFind.thisTrialN,LoopMaxDigitSpanFind.thisN,LoopMaxDigitSpanFind.thisIndex,LoopDigitSpan.thisRepN,LoopDigitSpan.thisTrialN,LoopDigitSpan.thisN,LoopDigitSpan.thisIndex,Digits,WelcomeText.started,Next.started,Next.keys,Next.rt,Next.duration,DisplayedItem.started,FocusCrossImg.started,DisplayedItem.stopped,FocusCrossImg.stopped,TextAskForDigitSpan.started,TextRespose.started,KeyCheckCorrent.started,Testing_checkingDigit.started,KeyCheckCorrent.keys,KeyCheckCorrent.rt,KeyCheckCorrent.duration,participant,session,date,expName,psychopyVersion,frameRate,
,,,,,,,,,23.659752599895,23.659752599895,space,1.058291400084272,None,,,,,,,,,,,,415181,001,2024-11-25_10h33.35.980,Experiment,2023.1.3,59.95063663283657,
0,0,0,0,,,,,,,,,,,25.161273599951528,25.26162539992947,25.26162539992947,25.362126699998043,25.362126699998043,25.362126699998043,25.362126699998043,25.362126699998043,"['1', '2']","[0.9031685000518337, 1.1344373000320047, 1.338392100064084]","[None, None, None]",415181,001,2024-11-25_10h33.35.980,Experiment,2023.1.3,59.95063663283657,
1,0,1,0,,,,,,,,,,,27.144517099950463,27.244856099947356,27.244856099947356,27.344738699961454,27.344738699961454,27.344738699961454,27.344738699961454,27.344738699961454,"['1', '2']","[0.6288274000398815, 0.868335900013335, 1.0853096999926493]","[None, None, None]",415181,001,2024-11-25_10h33.35.980,Experiment,2023.1.3,59.95063663283657,
2,0,2,0,,,,,,,,,,,28.877971299923956,28.97844549990259,28.97844549990259,29.078186999890022,29.078186999890022,29.078186999890022,29.078186999890022,29.078186999890022,"['1', '2']","[0.6161259999498725, 0.8591608999995515, 1.0764525999547914]","[None, None, None]",415181,001,2024-11-25_10h33.35.980,Experiment,2023.1.3,59.95063663283657,
