﻿LoopMaxDigitSpanFind.thisRepN,LoopMaxDigitSpanFind.thisTrialN,LoopMaxDigitSpanFind.thisN,LoopMaxDigitSpanFind.thisIndex,LoopDigitSpan.thisRepN,LoopDigitSpan.thisTrialN,LoopDigitSpan.thisN,LoopDigitSpan.thisIndex,Digits,WelcomeText.started,Next.started,Next.keys,Next.rt,Next.duration,DisplayedItem.started,FocusCrossImg.started,DisplayedItem.stopped,FocusCrossImg.stopped,TextAskForDigitSpan.started,TextRespose.started,KeyCheckCorrent.started,Testing_checkingDigit.started,Testing_checkingDigit.stopped,KeyCheckCorrent.keys,KeyCheckCorrent.rt,KeyCheckCorrent.duration,participant,session,date,expName,psychopyVersion,frameRate,
,,,,,,,,,10.084939599968493,10.084939599968493,space,1.8003889999818057,None,,,,,,,,,,,,,458269,001,2024-11-25_10h30.46.770,Experiment,2023.1.3,60.044913587850594,
0,0,0,0,,,,,,,,,,,15.929405099945143,16.929845099919476,16.929845099919476,17.929512199945748,17.929512199945748,17.929512199945748,17.929512199945748,17.929512199945748,18.929535700008273,"['1', '2']","[6.316299799946137, 6.544909099931829, 6.712816099985503]","[None, None, None]",458269,001,2024-11-25_10h30.46.770,Experiment,2023.1.3,60.044913587850594,
1,0,1,0,,,,,,,,,,,28.679872300010175,29.680114199989475,29.680114199989475,30.679854199988768,30.679854199988768,30.679854199988768,30.679854199988768,30.679854199988768,31.679895699955523,"['1', '2']","[3.4826359999133274, 3.758916800026782, 3.976466399966739]","[None, None, None]",458269,001,2024-11-25_10h30.46.770,Experiment,2023.1.3,60.044913587850594,
2,0,2,0,,,,,,,,,,,38.69694139994681,39.697276199935004,39.697276199935004,40.69687069999054,40.69687069999054,40.69687069999054,40.69687069999054,40.69687069999054,41.6970408000052,"['1', '2']","[10.936144399922341, 11.297730799997225, 11.575261799967848]","[None, None, None]",458269,001,2024-11-25_10h30.46.770,Experiment,2023.1.3,60.044913587850594,
