﻿LoopMaxDigitSpanFind.thisRepN,LoopMaxDigitSpanFind.thisTrialN,LoopMaxDigitSpanFind.thisN,LoopMaxDigitSpanFind.thisIndex,LoopDigitSpan.thisRepN,LoopDigitSpan.thisTrialN,LoopDigitSpan.thisN,LoopDigitSpan.thisIndex,Digits,Next_Welcome.started,WelcomeText_Box.started,Next_Welcome.keys,Next_Welcome.rt,Next_Welcome.duration,TextExplainDigitSpanMaxFind.started,KeyDigitspanFindMax.started,KeyDigitspanFindMax.keys,KeyDigitspanFindMax.rt,KeyDigitspanFindMax.duration,DisplayedItem.started,Cross.started,Cross.stopped,DisplayedItem.stopped,TextAskForDigitSpan.started,TextRespose.started,KeyCheckCorrent.started,Testing_1.started,Testing_2.started,Testing_3.started,KeyCheckCorrent.keys,KeyCheckCorrent.rt,KeyCheckCorrent.duration,DSTextScala.started,Slider_Respone_Certainty.started,Slider_Respone_Certainty.response,Slider_Respone_Certainty.rt,participant,session,date,expName,psychopyVersion,frameRate,
,,,,,,,,,10.18915350001771,10.18915350001771,space,1.1623130000662059,None,,,,,,,,,,,,,,,,,,,,,,,487109,001,2024-12-13_11h48.14.993,Experiment,2023.1.3,60.24393975278217,
,,,,,,,,,,,,,,11.423154400079511,11.423154400079511,space,0.09681079990696162,None,,,,,,,,,,,,,,,,,,487109,001,2024-12-13_11h48.14.993,Experiment,2023.1.3,60.24393975278217,
0,0,0,0,,,,,,,,,,,,,,,,16.561836500070058,17.57756090001203,19.601509800064377,15.560635400004685,19.601509800064377,19.601509800064377,19.601509800064377,19.601509800064377,19.601509800064377,19.601509800064377,"['1', '2']","[0.38312040001619607, 0.4538228999590501, 0.49989279999863356]","[None, None, None]",20.185387200093828,20.185387200093828,2,1.454150400008075,487109,001,2024-12-13_11h48.14.993,Experiment,2023.1.3,60.24393975278217,
1,0,1,0,,,,,,,,,,,,,,,,25.646357399993576,26.660371500067413,27.67498960008379,,27.67498960008379,27.67498960008379,27.67498960008379,27.67498960008379,27.67498960008379,27.67498960008379,"['2', '3']","[0.12454360001720488, 0.16490269999485463, 0.2140386999817565]","[None, None, None]",27.93945609999355,27.93945609999355,4,2.0297785999719054,487109,001,2024-12-13_11h48.14.993,Experiment,2023.1.3,60.24393975278217,
2,0,2,0,,,,,,,,,,,,,,,,34.99469570000656,35.99456740007736,38.005888400017284,35.99456740007736,38.005888400017284,38.005888400017284,38.005888400017284,38.005888400017284,38.005888400017284,38.005888400017284,"['2', '3']","[0.3659887999529019, 0.40385140001308173, 0.45752359996549785]","[None, None, None]",38.51859140000306,38.51859140000306,2,4.05059830006212,487109,001,2024-12-13_11h48.14.993,Experiment,2023.1.3,60.24393975278217,
