﻿LoopMaxDigitSpanFind.thisRepN,LoopMaxDigitSpanFind.thisTrialN,LoopMaxDigitSpanFind.thisN,LoopMaxDigitSpanFind.thisIndex,LoopDigitSpan.thisRepN,LoopDigitSpan.thisTrialN,LoopDigitSpan.thisN,LoopDigitSpan.thisIndex,Digits,Next_Welcome.started,WelcomeText_Box.started,Next_Welcome.keys,Next_Welcome.rt,Next_Welcome.duration,TextExplainDigitSpanMaxFind.started,KeyDigitspanFindMax.started,KeyDigitspanFindMax.keys,KeyDigitspanFindMax.rt,KeyDigitspanFindMax.duration,DisplayedItem.started,Cross.started,Cross.stopped,TextAskForDigitSpan.started,TextRespose.started,KeyCheckCorrent.started,Testing_1.started,Testing_2.started,Testing_3.started,KeyCheckCorrent.keys,KeyCheckCorrent.rt,KeyCheckCorrent.duration,DSTextScala.started,Slider_Respone_Certainty.started,Slider_Respone_Certainty.response,Slider_Respone_Certainty.rt,DisplayedItem.stopped,TextDigtSpanExample.started,KeyDigitSpanExplainExample.started,text_2.started,text_2.stopped,participant,session,date,expName,psychopyVersion,frameRate,
,,,,,,,,,11.055939000099897,11.055939000099897,space,1.3261425999226049,None,,,,,,,,,,,,,,,,,,,,,,,,,,,498462,001,2024-12-13_11h54.05.542,Experiment,2023.1.3,60.00423627545502,
,,,,,,,,,,,,,,12.464362500002608,12.464362500002608,space,0.0588141999905929,None,,,,,,,,,,,,,,,,,,,,,,498462,001,2024-12-13_11h54.05.542,Experiment,2023.1.3,60.00423627545502,
0,0,0,0,,,,,,,,,,,,,,,,18.590772800031118,19.605050000012852,20.627720799995586,20.627720799995586,20.627720799995586,20.627720799995586,20.627720799995586,20.627720799995586,20.627720799995586,"['5', '6']","[0.0497785999905318, 0.09849030000623316, 0.14811670000199229]","[None, None, None]",20.878932900028303,20.878932900028303,3,2.8047162999864668,,,,,,498462,001,2024-12-13_11h54.05.542,Experiment,2023.1.3,60.00423627545502,
1,0,1,0,,,,,,,,,,,,,,,,29.671818800037727,30.671995100099593,32.684497700072825,32.684497700072825,32.684497700072825,32.684497700072825,32.684497700072825,32.684497700072825,32.684497700072825,"['6', '7']","[0.28808070009108633, 0.41368920006789267, 0.48804690001998097]","[None, None, None]",33.25861110002734,33.25861110002734,3,3.457557300105691,30.671995100099593,,,,,498462,001,2024-12-13_11h54.05.542,Experiment,2023.1.3,60.00423627545502,
2,0,2,0,,,,,,,,,,,,,,,,41.738966200035065,42.739258700050414,43.751991000026464,43.751991000026464,43.751991000026464,43.751991000026464,43.751991000026464,43.751991000026464,43.751991000026464,"['7', '8']","[0.014199000084772706, 0.08185130008496344, 0.15532150003127754]","[None, None, None]",43.9821748000104,43.9821748000104,2,2.1873492000158876,42.739258700050414,,,,,498462,001,2024-12-13_11h54.05.542,Experiment,2023.1.3,60.00423627545502,
,,,,,,,,,,,,,,,,,,,,,,,,,,,,,,,,,,,,46.19041969999671,46.19041969999671,46.19041969999671,47.20584960002452,,,,,,,
