﻿LoopMaxDigitSpanFind.thisRepN,LoopMaxDigitSpanFind.thisTrialN,LoopMaxDigitSpanFind.thisN,LoopMaxDigitSpanFind.thisIndex,LoopDigitSpan.thisRepN,LoopDigitSpan.thisTrialN,LoopDigitSpan.thisN,LoopDigitSpan.thisIndex,Digits,WelcomeText.started,Next.started,Next.keys,Next.rt,Next.duration,DisplayedItem.started,FocusCrossImg.started,DisplayedItem.stopped,FocusCrossImg.stopped,TextAskForDigitSpan.started,TextRespose.started,KeyCheckCorrent.started,KeyCheckCorrent.keys,KeyCheckCorrent.rt,KeyCheckCorrent.duration,participant,session,date,expName,psychopyVersion,frameRate,
,,,,,,,,,21.338922600029036,21.338922600029036,space,1.7888343000086024,None,,,,,,,,,,,512435,001,2024-11-25_10h26.26.669,Experiment,2023.1.3,59.88881041063247,
0,0,0,0,,,,,,,,,,,27.17543319996912,28.17623270000331,28.17623270000331,29.17571780004073,29.17571780004073,29.17571780004073,29.17571780004073,"['1', '2']","[1.4636765999021009, 1.7694330998929217, 1.9881317999679595]","[None, None, None]",512435,001,2024-11-25_10h26.26.669,Experiment,2023.1.3,59.88881041063247,
1,0,1,0,,,,,,,,,,,35.20913540001493,36.20929339993745,36.20929339993745,37.209016200038604,37.209016200038604,37.209016200038604,37.209016200038604,"['1', '2', '3', '4', '1']","[1.1061400999315083, 1.4433815999655053, 1.7344904999481514, 4.456908599939197, 5.173499699914828, 5.379298799904063]","[None, None, None, None, None, None]",512435,001,2024-11-25_10h26.26.669,Experiment,2023.1.3,59.88881041063247,
,,,,,,,,,,,,,,46.62579339998774,45.62672349996865,45.62672349996865,46.62579339998774,,,,,,,,,,,,,
