﻿LoopMaxDigitSpanFind.thisRepN,LoopMaxDigitSpanFind.thisTrialN,LoopMaxDigitSpanFind.thisN,LoopMaxDigitSpanFind.thisIndex,LoopDigitSpan.thisRepN,LoopDigitSpan.thisTrialN,LoopDigitSpan.thisN,LoopDigitSpan.thisIndex,Digits,WelcomeText.started,Next.started,Next.keys,Next.rt,Next.duration,DisplayedItem.started,DisplayedItem.stopped,FocusCrossImg.started,FocusCrossImg.stopped,TextAskForDigitSpan.started,TextRespose.started,KeyCheckCorrent.started,Testing_1.started,Testing_2.started,KeyCheckCorrent.keys,KeyCheckCorrent.rt,KeyCheckCorrent.duration,participant,session,date,expName,psychopyVersion,frameRate,
,,,,,,,,,7.00354469998274,7.00354469998274,space,0.29887289996258914,None,,,,,,,,,,,,,615231,001,2024-11-26_12h52.14.246,Experiment,2023.1.3,60.08084479884094,
0,0,0,0,,,,,,,,,,,7.730259999982081,7.830766299972311,7.830766299972311,7.930310499970801,7.930310499970801,7.930310499970801,7.930310499970801,7.930310499970801,7.930310499970801,"['1', '2']","[1.1211159999947995, 1.404794300091453, 1.6434625000692904]","[None, None, None]",615231,001,2024-11-26_12h52.14.246,Experiment,2023.1.3,60.08084479884094,
1,0,1,0,,,,,,,,,,,9.997207900043577,10.097657500067726,10.097657500067726,10.1974368999945,10.1974368999945,10.1974368999945,10.1974368999945,10.1974368999945,10.1974368999945,"['1', '2']","[0.8674858999438584, 1.1187143999850377, 1.3485355000011623]","[None, None, None]",615231,001,2024-11-26_12h52.14.246,Experiment,2023.1.3,60.08084479884094,
2,0,2,0,,,,,,,,,,,11.963948199991137,12.064471099991351,12.064471099991351,12.163852300029248,12.163852300029248,12.163852300029248,12.163852300029248,12.163852300029248,12.163852300029248,"['1', '2']","[0.9670017999596894, 1.2576516999397427, 1.4602068999083713]","[None, None, None]",615231,001,2024-11-26_12h52.14.246,Experiment,2023.1.3,60.08084479884094,
