﻿LoopMaxDigitSpanFind.thisRepN,LoopMaxDigitSpanFind.thisTrialN,LoopMaxDigitSpanFind.thisN,LoopMaxDigitSpanFind.thisIndex,LoopDigitSpan.thisRepN,LoopDigitSpan.thisTrialN,LoopDigitSpan.thisN,LoopDigitSpan.thisIndex,Digits,Next_Welcome.started,WelcomeText_Box.started,Next_Welcome.keys,Next_Welcome.rt,Next_Welcome.duration,TextExplainDigitSpanMaxFind.started,KeyDigitspanFindMax.started,KeyDigitspanFindMax.keys,KeyDigitspanFindMax.rt,KeyDigitspanFindMax.duration,DisplayedItem.started,Cross.started,DisplayedItem.stopped,Cross.stopped,TextAskForDigitSpan.started,TextRespose.started,KeyCheckCorrent.started,Testing_1.started,Testing_2.started,Testing_3.started,KeyCheckCorrent.keys,KeyCheckCorrent.rt,KeyCheckCorrent.duration,DSTextScala.started,Slider_Respone_Certainty.started,Slider_Respone_Certainty.response,Slider_Respone_Certainty.rt,TextDigtSpanExample.started,KeyDigitSpanExplainExample.started,text_2.started,text_2.stopped,participant,session,date,expName,psychopyVersion,frameRate,
,,,,,,,,,10.463330299942754,10.463330299942754,space,1.446186100016348,None,,,,,,,,,,,,,,,,,,,,,,,,,,,654082,001,2024-12-13_11h59.41.496,Experiment,2023.1.3,59.5899614608112,
,,,,,,,,,,,,,,11.993617999949493,11.993617999949493,space,0.08200350007973611,None,,,,,,,,,,,,,,,,,,,,,,654082,001,2024-12-13_11h59.41.496,Experiment,2023.1.3,59.5899614608112,
0,0,0,0,,,,,,,,,,,,,,,,12.52054409997072,12.619903799961321,12.619903799961321,12.740151399979368,12.740151399979368,12.740151399979368,12.740151399979368,12.740151399979368,12.740151399979368,12.740151399979368,"['2', '3', '4', '5']","[0.9086733999429271, 0.9487752999411896, 0.9832658999366686, 1.00920169998426, 1.0340220999205485]","[None, None, 0.023500300012528896, 0.021491099963895977, None]",13.861074100015685,13.861074100015685,1,4.942654800019227,,,,,654082,001,2024-12-13_11h59.41.496,Experiment,2023.1.3,59.5899614608112,
1,0,1,0,,,,,,,,,,,,,,,,19.220138199976645,19.320258099935018,19.320258099935018,19.432198300026357,19.432198300026357,19.432198300026357,19.432198300026357,19.432198300026357,19.432198300026357,19.432198300026357,"['2', '3']","[0.5206358999712393, 0.5611663999734446, 0.5893743999768049]","[None, None, None]",20.109337199945003,20.109337199945003,4,1.7563518000533804,,,,,654082,001,2024-12-13_11h59.41.496,Experiment,2023.1.3,59.5899614608112,
2,0,2,0,,,,,,,,,,,,,,,,22.303764499956742,22.40375930001028,22.40375930001028,22.515069299959578,22.515069299959578,22.515069299959578,22.515069299959578,22.515069299959578,22.515069299959578,22.515069299959578,"['1', '2']","[0.2791995999868959, 0.32214389997534454, 0.37135379994288087]","[None, None, None]",22.939601099933498,22.939601099933498,2,2.7858494999818504,,,,,654082,001,2024-12-13_11h59.41.496,Experiment,2023.1.3,59.5899614608112,
,,,,,,,,,,,,,,,,,,,,,,,,,,,,,,,,,,,,25.743377699982375,25.743377699982375,25.743377699982375,26.753971399972215,,,,,,,
