﻿LoopMaxDigitSpanFind.thisRepN,LoopMaxDigitSpanFind.thisTrialN,LoopMaxDigitSpanFind.thisN,LoopMaxDigitSpanFind.thisIndex,LoopDigitSpan.thisRepN,LoopDigitSpan.thisTrialN,LoopDigitSpan.thisN,LoopDigitSpan.thisIndex,Digits,LoopExplainDigitSpanOuter.thisRepN,LoopExplainDigitSpanOuter.thisTrialN,LoopExplainDigitSpanOuter.thisN,LoopExplainDigitSpanOuter.thisIndex,LoopExplainDigitSpan.thisRepN,LoopExplainDigitSpan.thisTrialN,LoopExplainDigitSpan.thisN,LoopExplainDigitSpan.thisIndex,WelcomeText.started,Next_Welcome.started,Next_Welcome.keys,Next_Welcome.rt,Next_Welcome.duration,TextExplainDigitSpanMaxFind.started,KeyDigitspanFindMax.started,KeyDigitspanFindMax.keys,KeyDigitspanFindMax.rt,KeyDigitspanFindMax.duration,DisplayedItem.started,FocusCrossImg.started,DisplayedItem.stopped,FocusCrossImg.stopped,TextAskForDigitSpan.started,TextRespose.started,KeyCheckCorrent.started,Testing_1.started,Testing_2.started,Testing_3.started,KeyCheckCorrent.keys,KeyCheckCorrent.rt,KeyCheckCorrent.duration,DSTextScala.started,Slider_Respone_Certainty.started,Slider_Respone_Certainty.response,Slider_Respone_Certainty.rt,TextDigtSpanExample.started,KeyDigitSpanExplainExample.started,KeyDigitSpanExplainExample.keys,KeyDigitSpanExplainExample.rt,KeyDigitSpanExplainExample.duration,DSSoundExplain.started,DSSoundExplain.stopped,participant,session,date,expName,psychopyVersion,frameRate,
,,,,,,,,,,,,,,,,,69.1289284999948,69.1289284999948,space,8.873424499994144,None,,,,,,,,,,,,,,,,,,,,,,,,,,,,,,663680,001,2024-12-12_14h12.06.917,Experiment,2023.1.3,60.272806778389,
,,,,,,,,,,,,,,,,,,,,,,78.09784449997824,78.09784449997824,space,0.14021859993226826,None,,,,,,,,,,,,,,,,,,,,,,,,,663680,001,2024-12-12_14h12.06.917,Experiment,2023.1.3,60.272806778389,
0,0,0,0,,,,,,,,,,,,,,,,,,,,,,,,82.28250029997434,83.2962207000237,81.27968050003983,82.28250029997434,84.31682219996583,84.31682219996583,84.31682219996583,84.31682219996583,84.31682219996583,84.31682219996583,"['3', '4']","[4.71868470008485, 5.232928800047375, 5.417724000057206]","[None, None, None]",89.85712559998501,89.85712559998501,3,4.796480200020596,,,,,,,,663680,001,2024-12-12_14h12.06.917,Experiment,2023.1.3,60.272806778389,
1,0,1,0,,,,,,,,,,,,,,,,,,,,,,,,98.64652119996026,99.6466660000151,99.6466660000151,100.66197589994408,100.66197589994408,100.66197589994408,100.66197589994408,100.66197589994408,100.66197589994408,100.66197589994408,"['7', '5']","[1.3562551999930292, 2.5854962000157684, 2.761127099976875]","[None, None, None]",103.48535289999563,103.48535289999563,3,1.6757605000166222,,,,,,,,663680,001,2024-12-12_14h12.06.917,Experiment,2023.1.3,60.272806778389,
2,0,2,0,,,,,,,,,,,,,,,,,,,,,,,,109.16348500002641,110.16381019994151,110.16381019994151,111.17723399994429,111.17723399994429,111.17723399994429,111.17723399994429,111.17723399994429,111.17723399994429,111.17723399994429,"['7', '3']","[0.4633212999906391, 0.7539810000453144, 0.9204412000253797]","[None, None, None]",112.16432179999538,112.16432179999538,2,1.5195923000574112,,,,,,,,663680,001,2024-12-12_14h12.06.917,Experiment,2023.1.3,60.272806778389,
,,,,,,,,,,,,,,,,,,,,,,,,,,,,,,,,,,,,,,,,,,,,113.6874326999532,113.6874326999532,space,1.1186205999692902,None,,,663680,001,2024-12-12_14h12.06.917,Experiment,2023.1.3,60.272806778389,
,,,,,,,,,,,,,,,,,,,,,,,,,,,,115.84959859994706,,,,,,,,,,,,,,,,,,,,,116.8472815599991,,,,,,,,
