﻿LoopMaxDigitSpanFind.thisRepN,LoopMaxDigitSpanFind.thisTrialN,LoopMaxDigitSpanFind.thisN,LoopMaxDigitSpanFind.thisIndex,LoopDigitSpan.thisRepN,LoopDigitSpan.thisTrialN,LoopDigitSpan.thisN,LoopDigitSpan.thisIndex,Digits,WelcomeText.started,Next.started,Next.keys,Next.rt,Next.duration,DisplayedItem.started,FocusCrossImg.started,DisplayedItem.stopped,FocusCrossImg.stopped,TextAskForDigitSpan.started,TextRespose.started,KeyCheckCorrent.started,KeyCheckCorrent.keys,KeyCheckCorrent.rt,KeyCheckCorrent.duration,participant,session,date,expName,psychopyVersion,frameRate,
,,,,,,,,,9.562224799999967,9.562224799999967,space,0.5660982000408694,None,,,,,,,,,,,679440,001,2024-11-25_10h28.06.076,Experiment,2023.1.3,60.029846843490546,
0,0,0,0,,,,,,,,,,,14.174974300083704,15.17562520003412,15.17562520003412,16.175330199999735,16.175330199999735,16.175330199999735,16.175330199999735,"['1', '2']","[1.4763034000061452, 1.7150612999685109, 1.9284311999799684]","[None, None, None]",679440,001,2024-11-25_10h28.06.076,Experiment,2023.1.3,60.029846843490546,
1,0,1,0,,,,,,,,,,,22.14207250007894,23.14238810003735,23.14238810003735,24.142158100032248,24.142158100032248,24.142158100032248,24.142158100032248,"['1', '2']","[6.171318499953486, 6.4018114999635145, 6.620822899974883]","[None, None, None]",679440,001,2024-11-25_10h28.06.076,Experiment,2023.1.3,60.029846843490546,
2,0,2,0,,,,,,,,,,,34.80898239999078,35.80908920010552,35.80908920010552,36.80891480005812,36.80891480005812,36.80891480005812,36.80891480005812,"['1', '2']","[0.8666788000846282, 1.1627411000663415, 1.3842519000172615]","[None, None, None]",679440,001,2024-11-25_10h28.06.076,Experiment,2023.1.3,60.029846843490546,
