﻿LoopMaxDigitSpanFind.thisRepN,LoopMaxDigitSpanFind.thisTrialN,LoopMaxDigitSpanFind.thisN,LoopMaxDigitSpanFind.thisIndex,LoopDigitSpan.thisRepN,LoopDigitSpan.thisTrialN,LoopDigitSpan.thisN,LoopDigitSpan.thisIndex,Digits,WelcomeText.started,Next_Welcome.started,Next_Welcome.keys,Next_Welcome.rt,Next_Welcome.duration,TextExplainDigitSpanMaxFind.started,KeyDigitspanFindMax.started,KeyDigitspanFindMax.keys,KeyDigitspanFindMax.rt,KeyDigitspanFindMax.duration,DisplayedItem.started,FocusCrossImg.started,DisplayedItem.stopped,FocusCrossImg.stopped,TextAskForDigitSpan.started,TextRespose.started,KeyCheckCorrent.started,Testing_1.started,Testing_2.started,Testing_3.started,KeyCheckCorrent.keys,KeyCheckCorrent.rt,KeyCheckCorrent.duration,DSTextScala.started,Slider_Respone_Certainty.started,Slider_Respone_Certainty.response,Slider_Respone_Certainty.rt,participant,session,date,expName,psychopyVersion,frameRate,
,,,,,,,,,10.934084500000608,10.934084500000608,space,0.687002400001802,None,,,,,,,,,,,,,,,,,,,,,,,826186,001,2024-12-04_19h39.02.646,Experiment,2023.1.3,59.9450304076979,
,,,,,,,,,,,,,,11.707649300002231,11.707649300002231,space,0.7603484999999637,None,,,,,,,,,,,,,,,,,,826186,001,2024-12-04_19h39.02.646,Experiment,2023.1.3,59.9450304076979,
0,0,0,0,,,,,,,,,,,,,,,,16.50839239999914,17.523995899999136,15.50715610000043,16.50839239999914,18.545141700000386,18.545141700000386,18.545141700000386,18.545141700000386,18.545141700000386,18.545141700000386,"['6', '3']","[7.57177750000119, 7.8481468000027235, 8.40477490000194]","[None, None, None]",27.119632800000545,27.119632800000545,3,7.595537699999113,826186,001,2024-12-04_19h39.02.646,Experiment,2023.1.3,59.9450304076979,
1,0,1,0,,,,,,,,,,,,,,,,38.626353700001346,39.64100369999869,37.62425870000152,38.626353700001346,40.6519068000016,40.6519068000016,40.6519068000016,40.6519068000016,40.6519068000016,40.6519068000016,"['9', '4']","[1.843386399999872, 2.174857800000609, 2.3225304999978107]","[None, None, None]",43.081477200001245,43.081477200001245,3,10.031065999999555,826186,001,2024-12-04_19h39.02.646,Experiment,2023.1.3,59.9450304076979,
2,0,2,0,,,,,,,,,,,,,,,,57.10787070000151,58.108098299999256,58.108098299999256,59.11866120000195,59.11866120000195,59.11866120000195,59.11866120000195,59.11866120000195,59.11866120000195,59.11866120000195,"['8', '3']","[3.161263499998313, 3.494812199998705, 4.2176217999985965]","[None, None, None]",63.43840110000019,63.43840110000019,3,56.69005200000174,826186,001,2024-12-04_19h39.02.646,Experiment,2023.1.3,59.9450304076979,
,,,,,,,,,,,,,,,,,,,126.1261482000009,127.12647170000128,127.12647170000128,128.14167590000216,128.14167590000216,128.14167590000216,128.14167590000216,128.14167590000216,128.14167590000216,128.14167590000216,,,,,,,,,,,,,,
