﻿LoopMaxDigitSpanFind.thisRepN,LoopMaxDigitSpanFind.thisTrialN,LoopMaxDigitSpanFind.thisN,LoopMaxDigitSpanFind.thisIndex,LoopDigitSpan.thisRepN,LoopDigitSpan.thisTrialN,LoopDigitSpan.thisN,LoopDigitSpan.thisIndex,Digits,Next_Welcome.started,WelcomeText_Box.started,Next_Welcome.keys,Next_Welcome.rt,Next_Welcome.duration,TextExplainDigitSpanMaxFind.started,KeyDigitspanFindMax.started,KeyDigitspanFindMax.keys,KeyDigitspanFindMax.rt,KeyDigitspanFindMax.duration,DisplayedItem.started,Cross.started,Cross.stopped,DisplayedItem.stopped,TextAskForDigitSpan.started,TextRespose.started,KeyCheckCorrent.started,Testing_1.started,Testing_2.started,Testing_3.started,KeyCheckCorrent.keys,KeyCheckCorrent.rt,KeyCheckCorrent.duration,DSTextScala.started,Slider_Respone_Certainty.started,Slider_Respone_Certainty.response,Slider_Respone_Certainty.rt,participant,session,date,expName,psychopyVersion,frameRate,
,,,,,,,,,11.270533900009468,11.270533900009468,space,2.54242269997485,None,,,,,,,,,,,,,,,,,,,,,,,835983,001,2024-12-13_11h50.11.414,Experiment,2023.1.3,60.046896633846146,
,,,,,,,,,,,,,,13.907945399987511,13.907945399987511,space,0.05554939992725849,None,,,,,,,,,,,,,,,,,,835983,001,2024-12-13_11h50.11.414,Experiment,2023.1.3,60.046896633846146,
0,0,0,0,,,,,,,,,,,,,,,,19.00575100001879,20.020374199957587,22.040452199988067,18.0038069000002,22.040452199988067,22.040452199988067,22.040452199988067,22.040452199988067,22.040452199988067,22.040452199988067,"['3', '4']","[0.026909300009720027, 0.06256170000415295, 0.09381980006583035]","[None, None, None]",22.244141899980605,22.244141899980605,4,1.6077494999626651,835983,001,2024-12-13_11h50.11.414,Experiment,2023.1.3,60.046896633846146,
1,0,1,0,,,,,,,,,,,,,,,,27.84015790000558,28.85384720005095,29.868397300015204,26.837546700029634,29.868397300015204,29.868397300015204,29.868397300015204,29.868397300015204,29.868397300015204,29.868397300015204,"['9', '8']","[0.15666149999015033, 0.18393769999966025, 0.21537079999689013]","[None, None, None]",30.15179429994896,30.15179429994896,1,1.4130547000095248,835983,001,2024-12-13_11h50.11.414,Experiment,2023.1.3,60.046896633846146,
2,0,2,0,,,,,,,,,,,,,,,,35.59091619995888,36.60410170000978,37.6177228000015,34.587708199978806,37.6177228000015,37.6177228000015,37.6177228000015,37.6177228000015,37.6177228000015,37.6177228000015,"['4', '5']","[0.10307040007319301, 0.13426250009797513, 0.16491350007709116]","[None, None, None]",37.84238439996261,37.84238439996261,2,2.2849457999691367,835983,001,2024-12-13_11h50.11.414,Experiment,2023.1.3,60.046896633846146,
