﻿LoopMaxDigitSpanFind.thisRepN,LoopMaxDigitSpanFind.thisTrialN,LoopMaxDigitSpanFind.thisN,LoopMaxDigitSpanFind.thisIndex,LoopDigitSpan.thisRepN,LoopDigitSpan.thisTrialN,LoopDigitSpan.thisN,LoopDigitSpan.thisIndex,Digits,WelcomeText.started,Next.started,Next.keys,Next.rt,Next.duration,DisplayedItem.started,FocusCrossImg.started,DisplayedItem.stopped,FocusCrossImg.stopped,TextAskForDigitSpan.started,TextRespose.started,KeyCheckCorrent.started,Testing_1.started,Testing_2.started,KeyCheckCorrent.keys,KeyCheckCorrent.rt,KeyCheckCorrent.duration,participant,session,date,expName,psychopyVersion,frameRate,
,,,,,,,,,21.162673500017263,21.162673500017263,space,1.6836875999579206,None,,,,,,,,,,,,,887077,001,2024-11-26_12h49.27.621,Experiment,2023.1.3,59.944814829883974,
0,0,0,0,,,,,,,,,,,23.29203949996736,23.392504499992356,23.392504499992356,23.492220400017686,23.492220400017686,23.492220400017686,23.492220400017686,23.492220400017686,23.492220400017686,"['1', '2']","[1.568042999948375, 1.946301699965261, 2.2935743998968974]","[None, None, None]",887077,001,2024-11-26_12h49.27.621,Experiment,2023.1.3,59.944814829883974,
1,0,1,0,,,,,,,,,,,26.20910019997973,26.309420399949886,26.309420399949886,26.408932200050913,26.408932200050913,26.408932200050913,26.408932200050913,26.408932200050913,26.408932200050913,"['1', '2']","[4.401793200057, 4.640220100060105, 4.875034500029869]","[None, None, None]",887077,001,2024-11-26_12h49.27.621,Experiment,2023.1.3,59.944814829883974,
2,0,2,0,,,,,,,,,,,31.70924739993643,31.809575199964456,31.809575199964456,31.90919249993749,31.90919249993749,31.90919249993749,31.90919249993749,31.90919249993749,31.90919249993749,"['1', '2']","[0.8943934000562876, 1.147375600063242, 1.368963100016117]","[None, None, None]",887077,001,2024-11-26_12h49.27.621,Experiment,2023.1.3,59.944814829883974,
