﻿LoopMaxDigitSpanFind.thisRepN,LoopMaxDigitSpanFind.thisTrialN,LoopMaxDigitSpanFind.thisN,LoopMaxDigitSpanFind.thisIndex,LoopDigitSpan.thisRepN,LoopDigitSpan.thisTrialN,LoopDigitSpan.thisN,LoopDigitSpan.thisIndex,Digits,Next_Welcome.started,WelcomeText_Box.started,Next_Welcome.keys,Next_Welcome.rt,Next_Welcome.duration,TextExplainDigitSpanMaxFind.started,KeyDigitspanFindMax.started,KeyDigitspanFindMax.keys,KeyDigitspanFindMax.rt,KeyDigitspanFindMax.duration,DisplayedItem.started,Cross.started,DisplayedItem.stopped,Cross.stopped,TextAskForDigitSpan.started,TextRespose.started,KeyCheckCorrent.started,Testing_1.started,Testing_2.started,Testing_3.started,KeyCheckCorrent.keys,KeyCheckCorrent.rt,KeyCheckCorrent.duration,DSTextScala.started,Slider_Respone_Certainty.started,Slider_Respone_Certainty.response,Slider_Respone_Certainty.rt,TextDigtSpanExample.started,KeyDigitSpanExplainExample.started,textbox.started,participant,session,date,expName,psychopyVersion,frameRate,
,,,,,,,,,13.834916400024667,13.834916400024667,space,0.815143599989824,None,,,,,,,,,,,,,,,,,,,,,,,,,,924285,001,2024-12-13_12h01.56.218,Experiment,2023.1.3,59.94150907666328,
,,,,,,,,,,,,,,14.74046110000927,14.74046110000927,space,0.43078549997881055,None,,,,,,,,,,,,,,,,,,,,,924285,001,2024-12-13_12h01.56.218,Experiment,2023.1.3,59.94150907666328,
0,0,0,0,,,,,,,,,,,,,,,,15.606508500059135,15.721645200042985,15.505131300073117,15.606508500059135,15.842246400075965,15.842246400075965,15.842246400075965,15.842246400075965,15.842246400075965,15.842246400075965,"['2', '3']","[0.07551240001339465, 0.14958999992813915, 0.20633950002957135]","[None, None, None]",16.147733599995263,16.147733599995263,1,3.049193200073205,,,,924285,001,2024-12-13_12h01.56.218,Experiment,2023.1.3,59.94150907666328,
1,0,1,0,,,,,,,,,,,,,,,,19.606719800038263,19.7218017000705,,,19.831667499965988,19.831667499965988,19.831667499965988,19.831667499965988,19.831667499965988,19.831667499965988,"['1', '2']","[0.22000029997434467, 0.29603600001428276, 0.33012009994126856]","[None, None, None]",20.2389255000744,20.2389255000744,2,2.2732560000149533,,,,924285,001,2024-12-13_12h01.56.218,Experiment,2023.1.3,59.94150907666328,
2,0,2,0,,,,,,,,,,,,,,,,22.921884300070815,23.02196579996962,23.02196579996962,23.13215980003588,23.13215980003588,23.13215980003588,23.13215980003588,23.13215980003588,23.13215980003588,23.13215980003588,"['2', '3']","[0.3257902000332251, 0.3844497000100091, 0.4228514999849722]","[None, None, None]",23.603535100002773,23.603535100002773,3,2.017963199992664,,,,924285,001,2024-12-13_12h01.56.218,Experiment,2023.1.3,59.94150907666328,
,,,,,,,,,,,,,,,,,,,,,,,,,,,,,,,,,,,,25.6289963000454,25.6289963000454,25.6289963000454,,,,,,,
