﻿LoopMaxDigitSpanFind.thisRepN,LoopMaxDigitSpanFind.thisTrialN,LoopMaxDigitSpanFind.thisN,LoopMaxDigitSpanFind.thisIndex,LoopDigitSpan.thisRepN,LoopDigitSpan.thisTrialN,LoopDigitSpan.thisN,LoopDigitSpan.thisIndex,Digits,WelcomeText.started,Next.started,Next.keys,Next.rt,Next.duration,DisplayedItem.started,DisplayedItem.stopped,FocusCrossImg.started,FocusCrossImg.stopped,TextAskForDigitSpan.started,TextRespose.started,KeyCheckCorrent.started,Testing_1.started,Testing_2.started,KeyCheckCorrent.keys,KeyCheckCorrent.rt,KeyCheckCorrent.duration,participant,session,date,expName,psychopyVersion,frameRate,
,,,,,,,,,7.3049188000150025,7.3049188000150025,space,0.9299343000166118,None,,,,,,,,,,,,,941463,001,2024-11-26_12h59.25.284,Experiment,2023.1.3,60.01734500504118,
0,0,0,0,,,,,,,,,,,8.682775799999945,8.782934500020929,8.782934500020929,8.882691200007685,8.882691200007685,8.882691200007685,8.882691200007685,8.882691200007685,8.882691200007685,"['1', '2']","[1.3332813000306487, 1.5777493000496179, 1.8609087000368163]","[None, None, None]",941463,001,2024-11-26_12h59.25.284,Experiment,2023.1.3,60.01734500504118,
1,0,1,0,,,,,,,,,,,11.166037900024094,11.266756600001827,11.266756600001827,11.366118700010702,11.366118700010702,11.366118700010702,11.366118700010702,11.366118700010702,11.366118700010702,"['1', '2']","[1.1482085000025108, 1.3408769000088796, 1.5218671999173239]","[None, None, None]",941463,001,2024-11-26_12h59.25.284,Experiment,2023.1.3,60.01734500504118,
2,0,2,0,,,,,,,,,,,13.316320199985057,13.4165344000794,13.4165344000794,13.516409800038673,13.516409800038673,13.516409800038673,13.516409800038673,13.516409800038673,13.516409800038673,"['1', '2']","[0.8889852000866085, 1.0676321000792086, 1.2372076000319794]","[None, None, None]",941463,001,2024-11-26_12h59.25.284,Experiment,2023.1.3,60.01734500504118,
