﻿LoopMaxDigitSpanFind.thisRepN,LoopMaxDigitSpanFind.thisTrialN,LoopMaxDigitSpanFind.thisN,LoopMaxDigitSpanFind.thisIndex,LoopDigitSpan.thisRepN,LoopDigitSpan.thisTrialN,LoopDigitSpan.thisN,LoopDigitSpan.thisIndex,Digits,WelcomeText.started,Next.started,Next.keys,Next.rt,Next.duration,DisplayedItem.started,DisplayedItem.stopped,FocusCrossImg.started,FocusCrossImg.stopped,TextAskForDigitSpan.started,TextRespose.started,KeyCheckCorrent.started,Testing_1.started,Testing_2.started,KeyCheckCorrent.keys,KeyCheckCorrent.rt,KeyCheckCorrent.duration,participant,session,date,expName,psychopyVersion,frameRate,
,,,,,,,,,7.346855400013737,7.346855400013737,space,1.5499290999723598,None,,,,,,,,,,,,,964541,001,2024-11-26_13h06.21.590,Experiment,2023.1.3,60.01788532627493,
0,0,0,0,,,,,,,,,,,9.317760000005364,9.41791329998523,9.41791329998523,9.517733499989845,9.517733499989845,9.517733499989845,9.517733499989845,9.517733499989845,9.517733499989845,"['1', '2']","[1.170093199936673, 1.4808984999544919, 1.713102399953641]","[None, None, None]",964541,001,2024-11-26_13h06.21.590,Experiment,2023.1.3,60.01788532627493,
1,0,1,0,,,,,,,,,,,11.651170099969022,11.751546600018628,11.751546600018628,11.851091100019403,11.851091100019403,11.851091100019403,11.851091100019403,11.851091100019403,11.851091100019403,"['1', '2']","[0.741671499912627, 1.0549485998926684, 1.2931517999386415]","[None, None, None]",964541,001,2024-11-26_13h06.21.590,Experiment,2023.1.3,60.01788532627493,
2,0,2,0,,,,,,,,,,,13.56767849996686,13.668210000032559,13.668210000032559,13.767792299971916,13.767792299971916,13.767792299971916,13.767792299971916,13.767792299971916,13.767792299971916,"['1', '2']","[9.248470399994403, 9.55957059992943, 9.820271600037813]","[None, None, None]",964541,001,2024-11-26_13h06.21.590,Experiment,2023.1.3,60.01788532627493,
